Type,#Changes,Project Name,File Path,#Changes Large,Project Name Large,File Path Large,#Changes Flex Large,Project Name Flex Large,File Path Flex Large,#Changes Small,Project Name Small,File Path Small
large,59,binary-husky~gpt_academic,themes/common.js,28,binary-husky~gpt_academic,themes/common.js,59,binary-husky~gpt_academic,themes/common.js,32,binary-husky~gpt_academic,main.py
small,22,binary-husky~gpt_academic,themes/welcome.js,5,binary-husky~gpt_academic,themes/common.js,7,binary-husky~gpt_academic,themes/common.js,22,binary-husky~gpt_academic,themes/welcome.js
