Type,#Changes,Project Name,File Path,#Changes Large,Project Name Large,File Path Large,#Changes Flex Large,Project Name Flex Large,File Path Flex Large,#Changes Small,Project Name Small,File Path Small
large,512,astral-sh~ruff,ruff.schema.json,271,astral-sh~ruff,src/check_ast.rs,350,astral-sh~ruff,src/check_ast.rs,180,astral-sh~ruff,crates/ruff_linter/src/codes.rs
small,403,astral-sh~ruff,ruff.schema.json,129,astral-sh~ruff,src/check_ast.rs,173,astral-sh~ruff,src/check_ast.rs,137,astral-sh~ruff,crates/ruff/src/codes.rs
