Type,#Changes,Project Name,File Path,#Changes Large,Project Name Large,File Path Large,#Changes Flex Large,Project Name Flex Large,File Path Flex Large,#Changes Small,Project Name Small,File Path Small
large,372,pola-rs~polars,py-polars/polars/series/series.py,372,pola-rs~polars,py-polars/polars/series/series.py,372,pola-rs~polars,py-polars/polars/series/series.py,264,pola-rs~polars,py-polars/src/dataframe.rs
small,370,pola-rs~polars,py-polars/polars/expr/expr.py,370,pola-rs~polars,py-polars/polars/expr/expr.py,370,pola-rs~polars,py-polars/polars/expr/expr.py,183,pola-rs~polars,polars/src/lib.rs
