Type,#Changes,Project Name,File Path,#Changes Large,Project Name Large,File Path Large,#Changes Flex Large,Project Name Flex Large,File Path Flex Large,#Changes Small,Project Name Small,File Path Small
large,216,tauri-apps~tauri,core/tauri-utils/src/config.rs,192,tauri-apps~tauri,core/tauri-utils/src/config.rs,216,tauri-apps~tauri,core/tauri-utils/src/config.rs,109,tauri-apps~tauri,core/tauri/src/lib.rs
small,249,tauri-apps~tauri,core/tauri/src/app.rs,80,tauri-apps~tauri,core/tauri-utils/src/config.rs,249,tauri-apps~tauri,core/tauri/src/app.rs,129,tauri-apps~tauri,core/tauri/src/lib.rs
