Type,#Changes,Project Name,File Path,#Changes Large,Project Name Large,File Path Large,#Changes Flex Large,Project Name Flex Large,File Path Flex Large,#Changes Small,Project Name Small,File Path Small
large,80,ventoy~Ventoy,INSTALL/grub/grub.cfg,58,ventoy~Ventoy,GRUB2/MOD_SRC/grub-2.04/grub-core/ventoy/ventoy_cmd.c,75,ventoy~Ventoy,GRUB2/MOD_SRC/grub-2.04/grub-core/ventoy/ventoy_cmd.c,148,ventoy~Ventoy,GRUB2/MOD_SRC/grub-2.04/grub-core/ventoy/ventoy_def.h
small,92,ventoy~Ventoy,INSTALL/grub/grub.cfg,31,ventoy~Ventoy,GRUB2/MOD_SRC/grub-2.04/grub-core/ventoy/ventoy_cmd.c,40,ventoy~Ventoy,GRUB2/MOD_SRC/grub-2.04/grub-core/ventoy/ventoy_cmd.c,136,ventoy~Ventoy,GRUB2/MOD_SRC/grub-2.04/grub-core/ventoy/ventoy_def.h
