Type,#Changes,Project Name,File Path,#Changes Large,Project Name Large,File Path Large,#Changes Flex Large,Project Name Flex Large,File Path Flex Large,#Changes Small,Project Name Small,File Path Small
large,212,barryvdh~laravel-ide-helper,src/Console/ModelsCommand.php,76,barryvdh~laravel-ide-helper,src/Console/ModelsCommand.php,212,barryvdh~laravel-ide-helper,src/Console/ModelsCommand.php,47,barryvdh~laravel-ide-helper,src/Barryvdh/LaravelIdeHelper/ModelsCommand.php
small,44,barryvdh~laravel-ide-helper,src/Console/ModelsCommand.php,27,barryvdh~laravel-ide-helper,src/Console/ModelsCommand.php,44,barryvdh~laravel-ide-helper,src/Console/ModelsCommand.php,10,barryvdh~laravel-ide-helper,tests/Console/ModelsCommand/LaravelCustomCasts/Models/CustomCast.php
