Type,#Changes,Project Name,File Path,#Changes Large,Project Name Large,File Path Large,#Changes Flex Large,Project Name Flex Large,File Path Flex Large,#Changes Small,Project Name Small,File Path Small
large,426,coollabsio~coolify,app/Jobs/ApplicationDeploymentJob.php,301,coollabsio~coolify,app/Jobs/ApplicationDeploymentJob.php,426,coollabsio~coolify,app/Jobs/ApplicationDeploymentJob.php,81,coollabsio~coolify,routes/web.php
small,178,coollabsio~coolify,app/Console/Kernel.php,87,coollabsio~coolify,bootstrap/helpers/shared.php,143,coollabsio~coolify,bootstrap/helpers/shared.php,178,coollabsio~coolify,app/Console/Kernel.php
