Type,#Changes,Project Name,File Path,#Changes Large,Project Name Large,File Path Large,#Changes Flex Large,Project Name Flex Large,File Path Flex Large,#Changes Small,Project Name Small,File Path Small
large,696,firefly-iii~firefly-iii,resources/lang/en_US/firefly.php,457,firefly-iii~firefly-iii,resources/lang/en_US/firefly.php,696,firefly-iii~firefly-iii,resources/lang/en_US/firefly.php,117,firefly-iii~firefly-iii,app/Http/breadcrumbs.php
small,201,firefly-iii~firefly-iii,app/Helpers/Report/ReportHelper.php,83,firefly-iii~firefly-iii,resources/lang/en_US/firefly.php,100,firefly-iii~firefly-iii,resources/lang/en_US/firefly.php,201,firefly-iii~firefly-iii,app/Helpers/Report/ReportHelper.php
