Type,#Changes,Project Name,File Path,#Changes Large,Project Name Large,File Path Large,#Changes Flex Large,Project Name Flex Large,File Path Flex Large,#Changes Small,Project Name Small,File Path Small
large,2,fzaninotto~Faker,src/Faker/Provider/Base.php,2,fzaninotto~Faker,src/Faker/Provider/fr_CA/Text.php,2,fzaninotto~Faker,src/Faker/Provider/fr_CA/Text.php,2,fzaninotto~Faker,src/Faker/Provider/Base.php
small,83,fzaninotto~Faker,readme.md,1,fzaninotto~Faker,src/Faker/Provider/cs_CZ/Text.php,2,fzaninotto~Faker,src/Faker/Provider/sr_RS/Person.php,54,fzaninotto~Faker,src/Faker/Generator.php
