Type,#Changes,Project Name,File Path,#Changes Large,Project Name Large,File Path Large,#Changes Flex Large,Project Name Flex Large,File Path Flex Large,#Changes Small,Project Name Small,File Path Small
large,418,getgrav~grav,system/src/Grav/Common/Page/Page.php,350,getgrav~grav,system/src/Grav/Common/Page/Page.php,418,getgrav~grav,system/src/Grav/Common/Page/Page.php,62,getgrav~grav,system/src/Grav/Common/Uri.php
small,575,getgrav~grav,CHANGELOG.md,60,getgrav~grav,system/src/Grav/Common/Page/Page.php,68,getgrav~grav,system/src/Grav/Common/Page/Page.php,335,getgrav~grav,system/defines.php
