Type,#Changes,Project Name,File Path,#Changes Large,Project Name Large,File Path Large,#Changes Flex Large,Project Name Flex Large,File Path Flex Large,#Changes Small,Project Name Small,File Path Small
large,641,matomo-org~matomo,config/global.ini.php,240,matomo-org~matomo,tests/javascript/index.php,641,matomo-org~matomo,config/global.ini.php,441,matomo-org~matomo,piwik.js
small,499,matomo-org~matomo,piwik.js,136,matomo-org~matomo,tests/javascript/index.php,169,matomo-org~matomo,tests/javascript/index.php,499,matomo-org~matomo,piwik.js
