Type,#Changes,Project Name,File Path,#Changes Large,Project Name Large,File Path Large,#Changes Flex Large,Project Name Flex Large,File Path Flex Large,#Changes Small,Project Name Small,File Path Small
large,342,PHPMailer~PHPMailer,src/PHPMailer.php,342,PHPMailer~PHPMailer,src/PHPMailer.php,342,PHPMailer~PHPMailer,src/PHPMailer.php,85,PHPMailer~PHPMailer,src/SMTP.php
small,148,PHPMailer~PHPMailer,test/phpmailerTest.php,117,PHPMailer~PHPMailer,test/phpmailerTest.php,148,PHPMailer~PHPMailer,test/phpmailerTest.php,77,PHPMailer~PHPMailer,src/POP3.php
