Type,#Changes,Project Name,File Path,#Changes Large,Project Name Large,File Path Large,#Changes Flex Large,Project Name Flex Large,File Path Flex Large,#Changes Small,Project Name Small,File Path Small
large,540,junegunn~fzf,src/terminal.go,347,junegunn~fzf,src/terminal.go,540,junegunn~fzf,src/terminal.go,80,junegunn~fzf,src/tui/tui.go
small,141,junegunn~fzf,src/terminal.go,72,junegunn~fzf,src/terminal.go,141,junegunn~fzf,src/terminal.go,123,junegunn~fzf,src/core.go
