Type,#Changes,Project Name,File Path,#Changes Large,Project Name Large,File Path Large,#Changes Flex Large,Project Name Flex Large,File Path Flex Large,#Changes Small,Project Name Small,File Path Small
large,32,vapor~vapor,Tests/VaporTests/ServerTests.swift,22,vapor~vapor,Tests/VaporTests/ServerTests.swift,32,vapor~vapor,Tests/VaporTests/ServerTests.swift,17,vapor~vapor,Package.swift
small,177,vapor~vapor,Tests/VaporTests/ApplicationTests.swift,72,vapor~vapor,Tests/VaporTests/ApplicationTests.swift,177,vapor~vapor,Tests/VaporTests/ApplicationTests.swift,97,vapor~vapor,Package.swift
